"English Name","German Name","Hungarian Name","Japanese Name","FCI Breed Group","AKC Breed Group"
"Affenpinscher","Affenpinscher","Affenpinscher","アーフェンピンシャー","Group 2: Pinscher and Schnauzer - Molossoid and Swiss Mountain and Cattledogs","Toy Group"
"Afghan Hound","Afghanischer Windhund","Afgán agár","アフガンハウンド","Group 10: Sighthounds","Hound Group"
"Aidi","Aidi","Aidi","アイディ","Group 2: Pinscher and Schnauzer - Molossoid and Swiss Mountain and Cattledogs",NA
"Airedale Terrier","Airedale Terrier","Airedale terrier","エアデール・テリア","Group 3: Terriers","Terrier Group"
"Akbash","Akbash","Akbash","アクバシュ",NA,NA
"Akita (American)","Akita (Amerikanisch)","Akita (amerikai)","秋田犬(アメリカン)","Group 5: Spitz and primitive types","Working Group"
"Akita (Japanese)","Akita (Japanisch)","Akita (japán)","秋田犬","Group 5: Spitz and primitive types","Miscellaneous Class"
"Alapaha Blue Blood Bulldog","Alapaha Blaublut-Bulldogge","Alapaha kékvérű bulldog","アラパハ・ブルーブラッド・ブルドッグ",NA,NA
"Alaskan Klee Kai","Alaskan Klee Kai","Alaszkai Klee Kai","アラスカン・クリー・カイ",NA,"Miscellaneous Class"
"Alaskan Malamute","Alaskan Malamute","Alaszkai malamut","アラスカン・マラミュート","Group 5: Spitz and primitive types","Working Group"
"Alpine Dachsbracke","Alpenländische Dachsbracke","Alpesi tacskókopó","アルペン・ダックスブラッケ","Group 6: Scent hounds and related breeds",NA
"American Bulldog","Amerikanische Bulldogge","Amerikai bulldog","アメリカンブルドッグ",NA,"Foundation Stock Services"
"American English Coonhound","Amerikanischer English Coonhound","Amerikai angol mosómedvekutya","アメリカン・イングリッシュ・クーンハウンド",NA,"Hound Group"
"American Eskimo Dog (Miniature)","Amerikanischer Eskimohund (Miniatur)","Amerikai eszkimó kutya (miniatűr)","アメリカン・エスキモー・ドッグ（ミニチュア）",NA,NA
"American Eskimo Dog (Standard)","Amerikanischer Eskimohund (Standard)","Amerikai eszkimó kutya (standard)","アメリカン・エスキモー・ドッグ（スタンダード）",NA,"Non-Sporting Group"
"American Eskimo Dog (Toy)","Amerikanischer Eskimohund (Toy)","Amerikai eszkimó kutya (játék)","アメリカン・エスキモー・ドッグ（トイ）",NA,NA
"American Foxhound","Amerikanischer Foxhound","Amerikai rókakutya","アメリカン・フォックスハウンド","Group 6: Scent hounds and related breeds","Hound Group"
"American Hairless Terrier","Amerikanischer Nackthund","Amerikai meztelen terrier","アメリカン・ヘアレス・テリア",NA,"Terrier Group"
"American Leopard Hound","Amerikanischer Leopardenhund","Amerikai leopárdkutya","アメリカン・レパード・ハウンド",NA,"Foundation Stock Services"
"American Pit Bull Terrier","Amerikanischer Pitbull Terrier","Amerikai pitbull terrier","アメリカン・ピット・ブル・テリア",NA,NA
"American Staffordshire Terrier","Amerikanischer Staffordshire Terrier","Amerikai staffordshire terrier","アメリカン・スタッフォードシャー・テリア","Group 3: Terriers","Terrier Group"
"American Water Spaniel","Amerikanischer Wasserspaniel","Amerikai vízispániel","アメリカン・ウォーター・スパニエル","Group 8: Retrievers - Flushing Dogs - Water Dogs","Sporting Group"
"Anatolian Shepherd Dog","Anatolischer Hirtenhund","Anatóliai juhászkutya","アナトリアン・シェパード・ドッグ",NA,"Working Group"
"Anglo-Français de Moyen Venerie","Anglo-Français de Moyen Venerie","Anglo-Français de Moyen Venerie","アングロ＝フランセ・ド・モワン・ヴェヌリー",NA,NA
"Anglo-Français de Petite Venerie","Anglo-Français de Petite Venerie","Angol-francia de Petite Venerie","アングロ＝フランセ・ド・プティット・ヴェヌリー","Group 6: Scent hounds and related breeds",NA
"Appenzeller Sennenhunde","Appenzeller Sennenhunde","Appenzelli szarvasmarha","アペンツェラー・ゼネンフント","Group 2: Pinscher and Schnauzer - Molossoid and Swiss Mountain and Cattledogs","Foundation Stock Services"
"Ariegeois","Ariègeois","Ariégeai","アリエージョワ","Group 6: Scent hounds and related breeds",NA
"Australian Cattle Dog","Australischer Treibhund","Ausztrál pásztorkutya","オーストラリアン・キャトル・ドッグ","Group 1: Sheepdogs and Cattledogs","Herding Group"
"Australian Kelpie","Australischer Kelpie","Ausztrál kelpie","オーストラリアン・ケルピー","Group 1: Sheepdogs and Cattledogs","Foundation Stock Services"
"Australian Shepherd","Australischer Schäferhund","Ausztrál juhászkutya","オーストラリアンシェパード","Group 1: Sheepdogs and Cattledogs","Herding Group"
"Australian Stumpy Tail Cattle Dog","Australischer Stumpy Tail Cattle Dog","Ausztrál csonkafarkú pásztorkutya","オーストラリアン・スタンピーテイル・キャトル・ドッグ",NA,"Foundation Stock Services"
"Australian Terrier","Australischer Terrier","Ausztrál terrier","オーストラリアン・テリア","Group 3: Terriers","Terrier Group"
"Austrian Black and Tan Hound","Österreichischer Schwarzbrauner Laufhund","Osztrák fekete-cser kopó","オーストリアン・ブラック・アンド・タン・ハウンド","Group 6: Scent hounds and related breeds",NA
"Austrian Pinscher","Österreichischer Pinscher","Osztrák pincser","オーストリアン・ピンシャー","Group 2: Pinscher and Schnauzer - Molossoid and Swiss Mountain and Cattledogs",NA
"Azawakh","Azawakh","Azawakh","アザワク",NA,"Hound Group"
"Barak","Barak","Bárák","バラク","Group 6: Scent hounds and related breeds",NA
"Barbet","Barbet","Barbet","バルビー","Group 8: Retrievers - Flushing Dogs - Water Dogs","Sporting Group"
"Basenji","Basenji","Basenji","バセンジー","Group 5: Spitz and primitive types","Hound Group"
"Basset Artesien Normand","Basset Artésien Normand","Basset Artésien Normand","バセット・アルテジアン・ノルマン","Group 6: Scent hounds and related breeds",NA
"Basset Bley de Gascogne","Basset Bley de Gascogne","Gascogne-i basset bley","バセット・ブレイ・ド・ガスコーニュ","Group 6: Scent hounds and related breeds",NA
"Basset Fauve de Bretagne","Basset Fauve de Bretagne","Bretagne-i fauve basset","バセット・フォーヴ・ド・ブルターニュ","Group 6: Scent hounds and related breeds","Working Group"
"Basset Hound","Basset","Basset Hound","バセットハウンド","Group 6: Scent hounds and related breeds","Hound Group"
"Bavarian Mountain Hound","Bayerischer Gebirgsschweißhund","Bajor hegyi véreb","バイエルン・マウンテン・ハウンド","Group 6: Scent hounds and related breeds","Foundation Stock Services"
"Beagle","Beagle","Vizsla","ビーグル","Group 6: Scent hounds and related breeds","Hound Group"
"Beagle Harrier","Beagle Harrier","Beagle Harrier","ビーグルハリアー","Group 6: Scent hounds and related breeds",NA
"Bearded Collie","Bearded Collie","Szakállas collie","ビアデッド・コリー","Group 1: Sheepdogs and Cattledogs","Herding Group"
"Beauceron","Beauceron","Beauceron","ボースロン","Group 1: Sheepdogs and Cattledogs","Herding Group"
"Bedlington Terrier","Bedlington Terrier","Bedlington terrier","ベドリントン・テリア","Group 3: Terriers","Terrier Group"
"Belgian Laekenois","Belgisches Laekenois","Belga juhászkutya (laekenois)","ベルジアン・シェパード・ドッグ・ラケノア",NA,"Herding Group"
"Belgian Malinois","Belgischer Malinois","Belga juhászkutya (malinois)","ベルジアン・シェパード・ドッグ・マリノア","Group 1: Sheepdogs and Cattledogs","Herding Group"
"Belgian Sheepdog","Belgischer Schäferhund","Belga juhászkutya","ベルジアン・シープドッグ","Group 1: Sheepdogs and Cattledogs","Herding Group"
"Belgian Tervuren","Belgischer Tervuren","Belga juhászkutya (tervueren)","ベルギー・タービュレン",NA,"Herding Group"
"Bergamasco","Bergamasco","Bergamasco","ベルガマスコ","Group 1: Sheepdogs and Cattledogs","Herding Group"
"Berger Blanc Suisse","Berger Blanc Suisse","Berger Blanc Suisse","ホワイト・スイス・シェパード","Group 1: Sheepdogs and Cattledogs",NA
"Berger Picard","Berger Picard","Berger Picard","ピカルディ・シープドッグ",NA,"Herding Group"
"Bernese Mountain Dog","Berner Sennenhund","Berni pásztorkutya","バーニーズ・マウンテン・ドッグ","Group 2: Pinscher and Schnauzer - Molossoid and Swiss Mountain and Cattledogs","Working Group"
"Bichon Frisé","Bichon Frisé","Bichon Frisé","ビション・フリーゼ","Group 9: Companion and Toy Dogs","Non-Sporting Group"
"Biewer Terrier","Biewer Terrier","Biewer terrier","ビエバー・テリア",NA,"Toy Group"
"Billy","Billy","Fütykösbot","ビリー","Group 6: Scent hounds and related breeds",NA
"Black Mouth Cur","Black Mouth Cur","Fekete szájú curly","ブラックマウスカー",NA,NA
"Black Russian Terrier","Schwarzer Russischer Terrier","Fekete orosz terrier","ブラック・ロシアン・テリア",NA,NA
"Black and Tan Coonhound","Black and Tan Coonhound","Fekete-cser mosómedvekopó","ブラック・アンド・タン・クーンハウンド","Group 6: Scent hounds and related breeds","Hound Group"
"Bloodhound","Bluthund","Véreb","ブラッドハウンド","Group 6: Scent hounds and related breeds",NA
"Bluetick Coonhound","Bluetick Coonhound","Kék mosómedvekopó","ブルーティック・クーンハウンド",NA,NA
"Boerboel","Boerboel","Boerboel","ボーアボール","Working Group",NA
"Bolognese","Bolognese","Bolognai pincs","ボロニーズ","Group 9: Companion and Toy Dogs","Miscellaneous Class"
"Border Collie","Border Collie","Border Collie","ボーダーコリー","Group 1: Sheepdogs and Cattledogs","Herding Group"
"Border Terrier","Border Terrier","Határterrier","ボーダーテリア","Group 3: Terriers","Terrier Group"
"Borzoi","Barsoi","Borzoi","ボルゾイ",NA,"Hound Group"
"Boston Terrier","Boston Terrier","Bostoni terrier","ボストンテリア","Group 9: Companion and Toy Dogs","Non-Sporting Group"
"Bouvier des Ardennes","Bouvier des Ardennes","Ardenni pásztorkutya","ブービエ・デ・アルデンヌ",NA,NA
"Bouvier des Flandres","Bouvier des Flandres","Flandriai pásztorkutya","ブービエ・デ・フランダース","Group 1: Sheepdogs and Cattledogs","Herding Group"
"Boxer","Boxer","Boxer","ボクサー","Group 2: Pinscher and Schnauzer - Molossoid and Swiss Mountain and Cattledogs","Working Group"
"Boykin Spaniel","Boykin Spaniel","Boykin spániel","ボイキンスパニエル",NA,"Sporting Group"
"Bracco Italiano","Bracco Italiano","Olasz vizsla","ブラッコ・イタリアーノ",NA,"Sporting Group"
"Braque Francais Pyrenean","Französische Pyrenäen-Braque","Francia vizsla","ピレニアン・ポインター","Group 7: Pointing Dogs","Foundation Stock Services"
"Braque Saint-Germain","Braque Saint-Germain","Saint-Germain vizsla","サンジェルマン・ポインター","Group 7: Pointing Dogs","Foundation Stock Services"
"Braque d'Auvergne","Braque d'Auvergne","Auvergne-i vizsla","オーヴェルニュ・ポインター","Group 7: Pointing Dogs",NA
"Braque de l'Ariege","Braque de l'Ariege","Ariège-i vizsla","アリエージュ・ポインター",NA,NA
"Braque du Bourbonnais","Braque du Bourbonnais","Bourbonnai vizsla","ブルボネ・ポインター","Group 7: Pointing Dogs","Foundation Stock Services"
"Briard","Briard","Briard","ブリアード","Group 1: Sheepdogs and Cattledogs","Herding Group"
"Briquette Griffon Vendeen","Brikett Griffon Vendéen","Griffon Vendéen brikett","ブリケット・グリフォン・ヴァンデーン","Group 6: Scent hounds and related breeds",NA
"Brittany (American)","Brittany (Amerikanisch)","Brittany (amerikai)","ブリタニー（アメリカン）",NA,"Sporting Group"
"Brittany (French)","Bretagne (Französisch)","Bretagne (francia)","ブルターニュ（フレンチ）","Group 7: Pointing Dogs","Sporting Group"
"Broholmer (Danish Broholmer)","Broholmer (Dänischer Broholmer)","Broholmer (dán broholmer)","ブロホルマー（デーニッシュ・ブロホルマー ）","Group 2: Pinscher and Schnauzer - Molossoid and Swiss Mountain and Cattledogs","Foundation Stock Services"
"Brussels Griffon","Brüsseler Griffon","Brüsszeli griffon","ブリュッセル・グリフォン","Group 9: Companion and Toy Dogs","Toy Group"
"Bull Terrier","Bullterrier","Bullterrier","ブルテリア",NA,"Terrier Group"
"Bulldog","Bulldogge","Buldog","ブルドッグ","Group 2: Pinscher and Schnauzer - Molossoid and Swiss Mountain and Cattledogs","Non-Sporting Group"
"Bullmastiff","Bullmastiff","Bullmasztiff","ブルマスティフ","Group 2: Pinscher and Schnauzer - Molossoid and Swiss Mountain and Cattledogs","Working Group"
"CIobanesc Romanesc Mioritic","CIobanesc Romanesc Mioritic","Ciobanesc román mioritikus","ルーマニアン・ミオリティック・シープドッグ","Group 1: Sheepdogs and Cattledogs",NA
"Ca de Bestiar","Ca de Bestiar","Ca de Bestiar","カ・デ・ベスティアル",NA,NA
"Cairn Terrier","Cairn Terrier","Cairn terrier","ケアン・テリア","Group 3: Terriers","Terrier Group"
"Canaan Dog","Kanaan-Hund","Kánaáni kutya","カナーン・ドッグ","Group 5: Spitz and primitive types","Herding Group"
"Canadian Eskimo Dog","Kanadischer Eskimohund","Kanadai eszkimó kutya","カナディアン・エスキモー・ドッグ","Group 5: Spitz and primitive types",NA
"Cane Corso","Cane Corso","Cane Corso","イタリアン・コルソ・ドッグ","Group 2: Pinscher and Schnauzer - Molossoid and Swiss Mountain and Cattledogs","Working Group"
"Cardigan Welsh Corgi","Cardigan Welsh Corgi","Kardigán Welsh Corgi","カーディガン・ウェルシュ・コーギー","Group 1: Sheepdogs and Cattledogs","Herding Group"
"Carolina Dog","Carolina Hund","Karolinai kutya","カロライナドッグ",NA,NA
"Catahoula Leopard Dog","Catahoula Leopard Dog","Catahoula leopárdkutya","カタフーラ・レオパード・ドッグ",NA,"Foundation Stock Services"
"Catalonian Sheepdog","Katalonischer Schäferhund","Katalán juhászkutya","カタロニアン・シープドッグ","Group 1: Sheepdogs and Cattledogs",NA
"Caucasian Ovcharka","Kaukasischer Owtscharka","Kaukázusi juhászkutya","コーカシアン・シェパード・ドッグ",NA,NA
"Cavalier King Charles Spaniel","Cavalier King Charles Spaniel","Cavalier King Charles spániel","キャバリア・キング・チャールズ・スパニエル","Group 9: Companion and Toy Dogs","Toy Group"
"Central Asian Shepherd Dog","Zentralasiatischer Schäferhund","Közép-ázsiai juhászkutya","セントラル・アジア・シェパード・ドッグ","Group 2: Pinscher and Schnauzer - Molossoid and Swiss Mountain and Cattledogs","Foundation Stock Services"
"Cesky Terrier","Cesky Terrier","Cesky terrier","チェスキー・テリア","Group 3: Terriers","Terrier Group"
"Chart Polski","Chart Polski","Lengyel agár","チャート・ポルスキ","Group 10: Sighthounds",NA
"Chesapeake Bay Retriever","Chesapeake Bay Retriever","Chesapeake Bay retriever","チェサピークベイレトリーバー","Group 8: Retrievers - Flushing Dogs - Water Dogs","Sporting Group"
"Chien Français Blanc Tricolore","Chien Français Blanc Tricolore","Trikolor francia kopó","シアン フランセ ブラン トリコロール",NA,NA
"Chien Français Blanc et Noir","Französischer weiß-schwarzer Laufhund","Fehér-fekete francia kopó","シアン・フランセ・ブラン・エ・ノワール",NA,NA
"Chien Français Blanc et Orange","Chien Français Blanc et Orange","Fehér-cser francia kopó","シアン フランセ ブラン エ オランジュ",NA,NA
"Chien d'Artois","Chien d'Artois","Artois-i kopó","シアン・ダルトワ","Group 6: Scent hounds and related breeds",NA
"Chihuahua","Chihuahua","Csivava","チワワ","Group 9: Companion and Toy Dogs","Toy Group"
"Chinese Crested Dog","Chinesischer Schopfhund","Kínai meztelen kutya","チャイニーズ・クレステッド・ドッグ","Group 9: Companion and Toy Dogs","Toy Group"
"Chinese Shar Pei","Chinesischer Shar Pei","Kínai Shar Pei","チャイニーズ・シャーペイ","Group 2: Pinscher and Schnauzer - Molossoid and Swiss Mountain and Cattledogs","Non-Sporting Group"
"Chinook","Chinook","Chinook","チヌーク",NA,"Working Group"
"Chow Chow","Chow-Chow","Csau-csu","チャウチャウ","Group 5: Spitz and primitive types","Non-Sporting Group"
"Cimarron Uruguayo","Cimarron Uruguayo","Cimarron Uruguayo","シマロン・ウルグアヨ","Group 2: Pinscher and Schnauzer - Molossoid and Swiss Mountain and Cattledogs",NA
"Ciobanesc Romanesc Carpatin","Ciobanesc Romanesc Carpatin","Ciobanesc Romanesc Carpatin","カルパチアン・シェパード・ドッグ","Group 1: Sheepdogs and Cattledogs",NA
"Cirneco dell'Etna","Cirneco dell'Etna","Cirneco dell'Etna","チルネコ・デル・エトナ","Group 5: Spitz and primitive types","Hound Group"
"Clumber Spaniel","Clumber Spaniel","Clumber spániel","クランバースパニエル","Group 8: Retrievers - Flushing Dogs - Water Dogs","Sporting Group"
"Cocker Spaniel (American)","Cocker Spaniel (Amerikanisch)","Cocker spániel (amerikai)","コッカースパニエル（アメリカン）","Group 8: Retrievers - Flushing Dogs - Water Dogs","Sporting Group"
"Collie (Rough/Smooth)","Collie (Rauhaar/Glatthaar)","Collie (durva/sima szőrű)","コリー（ラフ/スムース）","Group 1: Sheepdogs and Cattledogs","Herding Group"
"Coton de Tulear","Coton de Tuléar","Coton de Tulear","コトン・ド・テュレアール","Group 9: Companion and Toy Dogs","Non-Sporting Group"
"Crnogorski Planinski Gonic (Montenegrin Mountain Hound)","Crnogorski Planinski Gonic (Montenegrinischer Gebirgshund)","Crnogorski Planinski Gonic (montenegrói hegyi kopó)","クロノゴルスキー・プラニンスキー・ゴニッチ（モンテネグロ・マウンテン・ハウンド）","Group 6: Scent hounds and related breeds",NA
"Croatian Sheepdog","Kroatischer Schäferhund","Horvát juhászkutya","クロアチアン・シープドッグ","Group 1: Sheepdogs and Cattledogs","Foundation Stock Services"
"Curly-Coated Retriever","Curly Coated Retriever","Göndör szőrű retriever","カーリーコート・レトリーバー","Group 8: Retrievers - Flushing Dogs - Water Dogs","Sporting Group"
"Czechoslovakian Vlcak","Tschechoslowakischer Vlcak","Csehszlovák Vlcak","チェコスロバキアン・ウルフドッグ","Group 1: Sheepdogs and Cattledogs","Miscellaneous Class"
"Cão Fila de São Miguel","Cão Fila de São Miguel","Azori-szigeteki kutya","カオ・フィラ・デ・サン・ミゲル",NA,NA
"Cão de Castro Laboreiro","Cão de Castro Laboreiro","Castro Laboreiro-i kutya","カオ・デ・カストロ・ラボレイロ","Group 2: Pinscher and Schnauzer - Molossoid and Swiss Mountain and Cattledogs",NA
"Dachshund (Longhaired/Smooth/Wirehaired)","Dackel (Langhaar/Glatthaar/Rauhaar)","Tacskó (hosszú szőrű/sima/drótszőrű)","ダックスフント（ロングヘアー／スムース／ワイヤーヘア）","Group 4: Dachshunds","Hound Group"
"Dachshund (Miniature)","Dackel (Zwerg)","Tacskó (miniatűr)","ダックスフント（ミニチュア）","Group 4: Dachshunds",NA
"Dalmatian","Dalmatiner","Dalmata","ダルメシアン","Group 6: Scent hounds and related breeds","Non-Sporting Group"
"Dandie Dinmont Terrier","Dandie Dinmont Terrier","Dandie Dinmont terrier","ダンディ・ディンモント・テリア","Group 3: Terriers","Terrier Group"
"Danish-Swedish Farmdog","Dänisch-Schwedischer Farmhund","Dán-svéd őrkutya","デニッシュ・スウィディッシュ・ファームドッグ","Group 2: Pinscher and Schnauzer - Molossoid and Swiss Mountain and Cattledogs","Working Group"
"Deutsche Bracke","Deutsche Bracke","Német Bracke","ジャーマン・ハウンド",NA,NA
"Deutscher Wachtelhund","Deutscher Wachtelhund","Német fürjészeb","ジャーマン・スパニエル","Group 8: Retrievers - Flushing Dogs - Water Dogs","Foundation Stock Services"
"Dingo","Dingo","Dingó","ディンゴ",NA,NA
"Doberman Pinscher","Dobermann","Dobermann","ドーベルマン・ピンシャー","Group 2: Pinscher and Schnauzer - Molossoid and Swiss Mountain and Cattledogs","Working Group"
"Dogo Argentino (Argentine Dogo)","Dogo Argentino (Argentinischer Dogo)","Dogo Argentino (argentin dogo)","ドゴ・アルヘンティーノ (アルゼンチン・ドゴ)","Group 2: Pinscher and Schnauzer - Molossoid and Swiss Mountain and Cattledogs","Working Group"
"Dogue de Bordeaux","Bordeauxdogge","Bordeauxi dog","ボルドー・ドッグ","Group 2: Pinscher and Schnauzer - Molossoid and Swiss Mountain and Cattledogs",NA
"Drentsche Patrijschond","Drentsche Patrijschond","Drentsche Patrijschond","ドレンチェ・パトリショホンド","Group 7: Pointing Dogs","Foundation Stock Services"
"Drever","Drever","Drever","ドレバー","Group 6: Scent hounds and related breeds","Foundation Stock Services"
"Dunker","Dunker","Dunker","ダンカー",NA,NA
"Dutch Shepherd","Holländischer Schäferhund","Holland juhászkutya","ダッチシェパード","Group 1: Sheepdogs and Cattledogs","Miscellaneous Class"
"Dutch Smoushond","Niederländischer Smoushond","Holland smoushond","ダッチ・スムースホンド","Group 2: Pinscher and Schnauzer - Molossoid and Swiss Mountain and Cattledogs",NA
"East Siberian Laika","Ostsibirischer Laika","Kelet-szibériai lajka","イーストシベリアンライカ","Group 5: Spitz and primitive types",NA
"English Cocker Spaniel","Englischer Cocker Spaniel","Angol cocker spániel","イングリッシュ・コッカー・スパニエル","Group 8: Retrievers - Flushing Dogs - Water Dogs","Sporting Group"
"English Foxhound","Englischer Foxhound","Angol rókakopó","イングリッシュ・フォックスハウンド","Group 6: Scent hounds and related breeds","Hound Group"
"English Setter","Englischer Setter","Angol szetter","イングリッシュ・セッター","Group 7: Pointing Dogs","Sporting Group"
"English Shepherd","Englischer Schäferhund","Angol juhászkutya","イングリッシュ・シェパード",NA,NA
"English Springer Spaniel","Englischer Springer Spaniel","Angol springer spániel","イングリッシュ・スプリンガー・スパニエル","Group 8: Retrievers - Flushing Dogs - Water Dogs","Sporting Group"
"English Toy Spaniel","Englischer Toy Spaniel","Angol Toy Spániel","イングリッシュ・トイ・スパニエル",NA,"Toy Group"
"English Toy Terrier (Black and Tan)","Englischer Toy Terrier (Schwarz und Braun)","Angol Toy Terrier (fekete-barna)","イングリッシュ・トイ・テリア（ブラック・アンド・タン）","Group 3: Terriers",NA
"Entlebucher Mountain Dog","Entlebucher Sennenhund","Entlebuchi havasi kutya","エントレブッチャー・マウンテン・ドッグ","Group 2: Pinscher and Schnauzer - Molossoid and Swiss Mountain and Cattledogs","Herding Group"
"Epagneul Bleu de Picardie","Epagneul Bleu de Picardie","Picardie kék epángneul","エパニュル・ブルー・ド・ピカルディ","Group 7: Pointing Dogs",NA
"Epagneul Picard","Epagneul Picard","Pikárdiai spániel","エパニュル・ピカード","Group 7: Pointing Dogs",NA
"Epagneul Pont-Audemer","Epagneul Pont-Audemer","Pont-Audemer-i spániel","エパニュル ポントードメール","Group 7: Pointing Dogs",NA
"Estonian Hound","Estnischer Laufhund","Észt kopó","エストニアン・ハウンド",NA,NA
"Estrela Mountain Dog","Estrela-Berghund","Estrela hegyi kutya","エストレラ・マウンテン・ドッグ","Group 2: Pinscher and Schnauzer - Molossoid and Swiss Mountain and Cattledogs","Foundation Stock Services"
"Eurasier","Eurasier","Eurázsiai","ユーラシア",NA,"Foundation Stock Services"
"Field Spaniel","Field Spaniel","Field spániel","フィールドスパニエル","Group 8: Retrievers - Flushing Dogs - Water Dogs","Sporting Group"
"Fila Brasileiro","Fila Brasileiro","Fila Brasileiro","フィラ・ブラジレイロ","Group 2: Pinscher and Schnauzer - Molossoid and Swiss Mountain and Cattledogs",NA
"Finnish Hound","Finnischer Laufhund","finn kopó","フィニッシュ・ハウンド","Group 6: Scent hounds and related breeds",NA
"Finnish Lapphund","Finnischer Lapphund","Finn lapphund","フィニッシュ・ラップフンド","Group 5: Spitz and primitive types","Herding Group"
"Finnish Spitz","Finnischer Spitz","Finn spicc","フィニッシュ・スピッツ","Group 5: Spitz and primitive types","Non-Sporting Group"
"Flat-Coated Retriever","Flat Coated Retriever","Simaszőrű retriver","フラットコーテッド・レトリーバー","Group 8: Retrievers - Flushing Dogs - Water Dogs",NA
"French Bulldog","Französische Bulldogge","Francia bulldog","フレンチブルドッグ","Group 9: Companion and Toy Dogs","Non-Sporting Group"
"French Spaniel","Französischer Spaniel","Francia spániel","フレンチスパニエル",NA,"Foundation Stock Services"
"Frisian Water Dog","Friesischer Wasserhund","Fríz vízikutya","フリージアン・ウォーター・ドッグ","Group 8: Retrievers - Flushing Dogs - Water Dogs",NA
"German Longhaird Pointer","Deutscher Langhaar-Vorstehhund","Német Hosszúszőrű Vizsla","ジャーマン・ロングヘアード・ポインター","Group 7: Pointing Dogs","Foundation Stock Services"
"German Pinscher","Deutscher Pinscher","Német pincser","ジャーマン・ピンシャー","Group 2: Pinscher and Schnauzer - Molossoid and Swiss Mountain and Cattledogs","Working Group"
"German Rough-Haired Pointer","Deutscher Rauhhaar-Vorstehhund","Német durvaszőrű vizsla","ジャーマン・ラフヘアード・ポインター",NA,NA
"German Shepherd Dog","Deutscher Schäferhund","Németjuhász","ジャーマン・シェパード・ドッグ","Group 1: Sheepdogs and Cattledogs","Herding Group"
"German Shorthaired Pointer","Deutsch Kurzhaar","Német rövidszőrű vizsla","ジャーマン・ショートヘアード・ポインター","Group 7: Pointing Dogs","Sporting Group"
"German Spitz","Deutscher Spitz","Német Spitz","ジャーマン・スピッツ","Group 5: Spitz and primitive types","Miscellaneous Class"
"German Wirehaired Pointer","Deutsch Drahthaar","Német drótszőrű vizsla","ジャーマン・ワイヤーヘアード・ポインター","Group 7: Pointing Dogs","Sporting Group"
"Giant Schnauzer","Riesenschnauzer","Óriás schnauzer","ジャイアントシュナウザー","Group 2: Pinscher and Schnauzer - Molossoid and Swiss Mountain and Cattledogs","Working Group"
"Glen of Imaal Terrier","Glen of Imaal Terrier","Glen of Imaal terrier","グレン・オブ・イマール・テリア","Group 3: Terriers","Terrier Group"
"Golden Retriever","Golden Retriever","Arany-retriever","ゴールデンレトリバー","Group 8: Retrievers - Flushing Dogs - Water Dogs","Sporting Group"
"Gordon Setter","Gordon Setter","Gordon szetter","ゴードン・セッター","Group 7: Pointing Dogs","Sporting Group"
"Gończy polski","Polnische Gończy","Lengyel vadászkutya","ゴンツィー・ポルスキー","Group 6: Scent hounds and related breeds",NA
"Grand Anglo-Français Blanc et Noir","Großer Anglo-Französischer Weiß-Schwarzer Laufhund","Fehér-fekete nagy angol-francia kopó","グラン アングロ フランセ ブラン エ ノワール","Group 6: Scent hounds and related breeds",NA
"Grand Anglo-Français Blanc et Orange","Großer Anglo-Französischer Weiß-Oranger Laufhund","Fehér-cser nagy angol-francia kopó","グラン アングロ フランセ ブラン エ オランジュ","Group 6: Scent hounds and related breeds",NA
"Grand Anglo-Français Tricolore","Großer Anglo-Französischer Dreifarbiger Laufhund","Trikolor nagy angol-francia kopó","グラン アングロ フランセ トリコロール","Group 6: Scent hounds and related breeds",NA
"Grand Basset Griffon Vendeen","Grand Basset Griffon Vendéen","Nagy vendée-i griffon basset","グラン・バセ・グリフォン・ヴァンデーン","Group 6: Scent hounds and related breeds",NA
"Grand Bleu de Gascogne","Grand Bleu de Gascogne","Nagy gascogne-i kék kopó","グラン・ブルー・ド・ガスコーニュ",NA,NA
"Grand Gascon-Saintongeois","Grand Gascon-Saintongeois","Nagy gascon-saintongeois-i kopó","グランガスコン・サントンジョワ","Group 6: Scent hounds and related breeds",NA
"Grand Griffon Vendeen","Grand Griffon Vendéen","Vendée-i nagy griffon","グラン・グリフォン・ヴァンデーン","Group 6: Scent hounds and related breeds",NA
"Great Dane","Deutsche Dogge","Nagy dán dog","グレート・デーン","Group 2: Pinscher and Schnauzer - Molossoid and Swiss Mountain and Cattledogs","Working Group"
"Great Pyrenees","Pyrenäenberghund","Pireneusi hegyikutya","グレートピレニーズ",NA,"Working Group"
"Greater Swiss Mountain Dog","Großer Schweizer Sennenhund","Nagy svájci havasi kutya","グレーター・スイス・マウンテン・ドッグ","Group 2: Pinscher and Schnauzer - Molossoid and Swiss Mountain and Cattledogs","Working Group"
"Greenland Dog","Grönlandhund","Grönlandi kutya","グリーンランド・ドッグ","Group 5: Spitz and primitive types",NA
"Greyhound","Greyhound","Agár","グレイハウンド","Group 10: Sighthounds","Hound Group"
"Griffon Belge","Belgischer Griffon","Belga griffon","グリフォン・ベルジュ","Group 9: Companion and Toy Dogs",NA
"Griffon Bleu de Gascogne","Blauer Griffon de Gascogne","Gascogne-i kék griffon","グリフォン・ブルー・ド・ガスコーニュ","Group 6: Scent hounds and related breeds",NA
"Griffon Fauve de Bretagne","Griffon Fauve de Bretagne","Bretagne-i vörös griffon","グリフォン・フォーヴ・ド・ブルターニュ","Group 6: Scent hounds and related breeds",NA
"Griffon Nivernais","Griffon Nivernais","Nivernais-i griffon","グリフォン・ニヴェルネ","Group 6: Scent hounds and related breeds",NA
"Haldenstovare","Haldenstøvåger","Halden kopó","ハルデン・ハウンド","Group 6: Scent hounds and related breeds",NA
"Hamiltonstovare","Hamiltonstøvare","Hamilton-kopó","ハミルトン・シュトーヴァレ","Group 6: Scent hounds and related breeds","Foundation Stock Services"
"Hanoverian Hound","Hannoveraner Bracke","Hannoveri kopó","ハノーバーハウンド","Group 6: Scent hounds and related breeds","Foundation Stock Services"
"Harrier","Harrier","Harrier","ハリアー","Group 6: Scent hounds and related breeds","Hound Group"
"Havanese","Havaneser","Havannai pincs (Bichon havanese)","ハバニーズ","Group 9: Companion and Toy Dogs","Toy Group"
"Hellenic Hound","Griechischer Laufhund","Görög kopó","ヘレニックハウンド","Group 6: Scent hounds and related breeds",NA
"Hokkaido","Hokkaido","Hokkaido","北海道犬","Group 5: Spitz and primitive types","Foundation Stock Services"
"Hovawart","Hovawart","Hovawart","ホファヴァルト","Group 2: Pinscher and Schnauzer - Molossoid and Swiss Mountain and Cattledogs","Foundation Stock Services"
"Hungarian Greyhound","Ungarischer Windhund","Magyar agár","ハンガリアン・グレイハウンド","Group 10: Sighthounds",NA
"Hygen Hound","Hygen Hound","Hygeni vadászkutya","ハイゲンハウンド","Group 6: Scent hounds and related breeds",NA
"Ibizan Hound","Podenco Ibicenco","Ibizan Hound","イビザンハウンド",NA,"Hound Group"
"Icelandic Sheepdog","Isländischer Schäferhund","Izlandi juhászkutya","アイスランド・シープドッグ","Group 5: Spitz and primitive types","Herding Group"
"Irish Red and White Setter","Irischer rot-weißer Setter","Vörös-fehér ír szetter","アイリッシュ・レッド・アンド・ホワイト・セッター","Group 7: Pointing Dogs","Sporting Group"
"Irish Setter","Irish Setter","Ír szetter","アイリッシュ・セッター","Group 7: Pointing Dogs","Sporting Group"
"Irish Terrier","Irischer Terrier","Ír terrier","アイリッシュ・テリア","Group 3: Terriers","Terrier Group"
"Irish Water Spaniel","Irischer Wasserspaniel","Ír vízispániel","アイリッシュ・ウォーター・スパニエル","Group 8: Retrievers - Flushing Dogs - Water Dogs","Sporting Group"
"Irish Wolfhound","Irischer Wolfshund","Ír farkaskutya","アイリッシュ・ウルフハウンド","Group 10: Sighthounds","Hound Group"
"Istrian Coarse-Haired Hound","Istrischer Rauhhaarlaufhund","Isztriai durva szőrű kopó","イストリアン・コースヘアード・ハウンド","Group 6: Scent hounds and related breeds",NA
"Istrian Short-Haired Hound","Istrischer Kurzhaarhund","Isztriai rövidszőrű kopó","イストリアン・ショートヘアード・ハウンド","Group 6: Scent hounds and related breeds",NA
"Italian Greyhound","Italienisches Windspiel","Olasz agár","イタリアン・グレイハウンド",NA,"Toy Group"
"Italian Hound, Coarsehaired","Italienischer Laufhund, Rauhaar","Olasz kopó (drótszőrű)","イタリアンハウンド、ワイヤーヘアー",NA,NA
"Italian Hound, Shorthaired","Italienischer Laufhund, Kurzhaar","Olasz kopó (rövidszőrű)","イタリアンハウンド、ショートヘアード",NA,NA
"Jack Russell Terrier","Jack Russell Terrier","Jack Russell terrier","ジャックラッセルテリア","Group 3: Terriers",NA
"Jagdterrier","Jagdterrier","Jagdterrier","ヤクトテリア",NA,"Foundation Stock Services"
"Japanese Chin","Japan Chin","Japán spániel","チン","Group 9: Companion and Toy Dogs","Toy Group"
"Japanese Spitz","Japanischer Spitz","Japán spicc","日本スピッツ","Group 5: Spitz and primitive types","Foundation Stock Services"
"Japanese Terrier","Japanischer Terrier","Japán terrier","日本テリア",NA,"Foundation Stock Services"
"Jindo","Jindo","Jindo","珍島犬","Group 5: Spitz and primitive types","Foundation Stock Services"
"Kai Ken","Kai Ken","Kai Ken","甲斐犬","Group 5: Spitz and primitive types","Miscellaneous Class"
"Kangal Dog","Kangal-Hund","Kangal kutya","カンガルドッグ","Group 2: Pinscher and Schnauzer - Molossoid and Swiss Mountain and Cattledogs",NA
"Karelian Bear Dog","Karelischer Bärenhund","Karéliai medvekutya","カレリアン・ベア・ドッグ","Group 5: Spitz and primitive types","Foundation Stock Services"
"Keeshond","Wolfsspitz","Keeshond","キースホンド","Group 5: Spitz and primitive types","Non-Sporting Group"
"Kerry Blue Terrier","Kerry Blue Terrier","Kerry kék terrier","ケリーブルーテリア","Group 3: Terriers","Terrier Group"
"King Shepherd","King Shepherd","Királypásztor","キング・シェパード",NA,NA
"Kishu Ken","Kishu Ken","Kishu Ken","紀州犬","Group 5: Spitz and primitive types",NA
"Komondor","Komondor","Komondor","コモンドール","Group 1: Sheepdogs and Cattledogs","Working Group"
"Kooikerhondji","Kooikerhondji","Kooikerhondji","コーイケルホンディエ",NA,NA
"Krasky Ovcar","Krasky Ovcar","Krasky Ovcar","カルスト・シェパード","Group 2: Pinscher and Schnauzer - Molossoid and Swiss Mountain and Cattledogs",NA
"Kromfohrlander","Kromfohrländer","Kromfohrländer","クロムフォアランダー","Group 9: Companion and Toy Dogs","Foundation Stock Services"
"Kuvasz","Kuvasz","Kuvasz","クヴァス","Group 1: Sheepdogs and Cattledogs","Working Group"
"Kyi-Leo","Kyi-Leo","Kyi-Leo","キイ・レオ",NA,NA
"Labrador Retriever","Labrador Retriever","Labrador retriever","ラブラドール・レトリバー","Group 8: Retrievers - Flushing Dogs - Water Dogs","Sporting Group"
"Lagotto Romagnolo","Lagotto Romagnolo","Lagotto Romagnolo","ラゴット・ロマニョーロ","Group 8: Retrievers - Flushing Dogs - Water Dogs","Sporting Group"
"Lakeland Terrier","Lakeland Terrier","Lakeland terrier","レイクランド・テリア","Group 3: Terriers","Terrier Group"
"Lancashire Heeler","Lancashire Heeler","Lancashire Heeler","ランカシャー・ヒーラー",NA,"Herding Group"
"Landseer","Landseer","Landseer","ランドシーア","Group 2: Pinscher and Schnauzer - Molossoid and Swiss Mountain and Cattledogs",NA
"Lapinporokoira","Lapinporokoira","Lapinporokoira","ラピンポロコイラ",NA,NA
"Large Münsterländer","Großer Münsterländer","Nagy münsterländi","ラージ・ミュンスターレンダー","Group 7: Pointing Dogs","Foundation Stock Services"
"Leonberger","Leonberger","Leonbergi","レオンベルガー","Group 2: Pinscher and Schnauzer - Molossoid and Swiss Mountain and Cattledogs","Working Group"
"Lhasa Apso","Lhasa Apso","Lhasa Apso","ラサ・アプソ","Group 9: Companion and Toy Dogs","Non-Sporting Group"
"Löwchen","Löwchen","Kis oroszlánkutya","ローシェン",NA,"Non-Sporting Group"
"Majorca Mastiff","Mallorca-Dogge (Ca de Bou)","Mallorcai masztiff","マヨルカ・マスティフ","Group 2: Pinscher and Schnauzer - Molossoid and Swiss Mountain and Cattledogs",NA
"Maltese","Malteser","máltai","マルチーズ","Group 9: Companion and Toy Dogs","Toy Group"
"Manchester Terrier (Standard)","Manchester Terrier (Standard)","Manchester terrier (standard)","マンチェスター・テリア（スタンダード）","Group 3: Terriers",NA
"Manchester Terrier (Toy)","Manchester Terrier (Spielzeug)","Manchester terrier (játék)","マンチェスター・テリア（トイ）","Group 3: Terriers","Toy Group"
"Maremma Sheepdog","Maremma-Schäferhund","Maremma juhászkutya","マレンマ・シープドッグ","Group 1: Sheepdogs and Cattledogs",NA
"Mastiff","Mastiff","Mészároskutya","マスティフ","Group 2: Pinscher and Schnauzer - Molossoid and Swiss Mountain and Cattledogs","Working Group"
"Mi-Ki","Mi-Ki","Mi-Ki","ミキ",NA,NA
"Mini-Pei","Mini-Pei","Mini-Pei","ミニペイ",NA,NA
"Miniature American Shepherd","Miniatur-Amerikanischer Schäferhund","Miniatűr amerikai juhászkutya","ミニチュアアメリカンシェパード","Group 1: Sheepdogs and Cattledogs","Herding Group"
"Miniature Australian Shepherd","Miniatur-Australian Shepherd","Miniatűr ausztrál juhászkutya","ミニチュアオーストラリアンシェパード",NA,NA
"Miniature Bull Terrier","Miniatur-Bullterrier","Miniatűr bullterrier","ミニチュア・ブル・テリア",NA,"Terrier Group"
"Miniature Pinscher","Zwergpinscher","Törpe Pinscher","ミニチュア・ピンシャー","Group 2: Pinscher and Schnauzer - Molossoid and Swiss Mountain and Cattledogs","Toy Group"
"Miniature Schnauzer","Zwergschnauzer","Törpe schnauzer","ミニチュアシュナウザー","Group 2: Pinscher and Schnauzer - Molossoid and Swiss Mountain and Cattledogs","Terrier Group"
"Mountain Cur","Berg Cur","Hegyi Cur","マウンテンカー",NA,"Foundation Stock Services"
"Mudi","Mudi","Mudi","ムディ","Group 1: Sheepdogs and Cattledogs","Herding Group"
"Neapolitan Mastiff","Neapolitanischer Mastiff","Nápolyi masztiff","ナポリタン・マスティフ","Group 2: Pinscher and Schnauzer - Molossoid and Swiss Mountain and Cattledogs","Working Group"
"Nederlandse Kooikerhondje","Niederländischer Kooikerhondje","Holland Kutyaszőrű Kutya","オランダ・コーイケルホンディエ","Group 8: Retrievers - Flushing Dogs - Water Dogs","Sporting Group"
"New Guinea Singing Dog","Neuguinea-Dingo","Új-guineai éneklő kutya","ニューギニア・シンギング・ドッグ",NA,NA
"Newfoundland","Neufundländer","újfundlandi","ニューファンドランド","Group 2: Pinscher and Schnauzer - Molossoid and Swiss Mountain and Cattledogs","Working Group"
"Norfolk Terrier","Norfolk Terrier","Norfolk terrier","ノーフォーク・テリア","Group 3: Terriers","Terrier Group"
"Norrbottenspets","Norrbottenspitz","Norrbottenspets","ノルボッテンシュペッツ","Group 5: Spitz and primitive types","Miscellaneous Class"
"Norwegian Buhund","Norwegischer Buhund","Norvég buhund","ノルウェー・ブフント","Group 5: Spitz and primitive types","Herding Group"
"Norwegian Elkhound","Norwegischer Elchhund","Norvég elkhound","ノルウェー・エルクハウンド","Group 5: Spitz and primitive types","Hound Group"
"Norwegian Lundehund","Norwegischer Lundehund","Norvég lundehund","ノルウェー・ルンデフンド","Group 5: Spitz and primitive types","Non-Sporting Group"
"Norwich Terrier","Norwich Terrier","Norwich terrier","ノーリッチ・テリア","Group 3: Terriers","Terrier Group"
"Nova Scotia Duck-Tolling Retriever","Nova Scotia Duck-Tolling Retriever","Új-Skóciai récevadász retriever","ノバスコシア・ダック・トーリング・レトリーバー","Group 8: Retrievers - Flushing Dogs - Water Dogs","Sporting Group"
"Old Danish Bird Dog","Altdänischer Vorstehhund","Régi dán madárkutya","オールド・デニッシュ・バード・ドッグ","Group 7: Pointing Dogs",NA
"Old English Sheepdog","Bobtail","Óangol juhászkutya","オールド・イングリッシュ・シープドッグ","Group 1: Sheepdogs and Cattledogs","Herding Group"
"Olde English Bulldogge","Olde English Bulldogge","Óangol bulldog","オールド・イングリッシュ・ブルドッグ",NA,NA
"Otterhound","Otterhund","Vidravadász kopó","オッターハウンド","Group 6: Scent hounds and related breeds","Hound Group"
"Owczarek Podhalanski (Polish Mountain Sheepdog)","Owczarek Podhalanski (Polnischer Gebirgsschäferhund)","Owczarek Podhalanski (lengyel hegyi juhászkutya)","オウチャレク・ポドハランスキ（ポーランド・マウンテン・シープドッグ）",NA,NA
"Papillon","Papillon","Papillon","パピヨン","Group 9: Companion and Toy Dogs","Toy Group"
"Parson Russell Terrier","Parson Russell Terrier","Parson Russell terrier","パーソン・ラッセル・テリア","Group 3: Terriers","Terrier Group"
"Patterdale Terrier","Patterdale Terrier","Patterdale terrier","パターデール・テリア",NA,NA
"Pekingese","Pekinese","pekingi","ペキニーズ","Group 9: Companion and Toy Dogs","Toy Group"
"Pembroke Welsh Corgi","Pembroke Welsh Corgi","Pembroke Welsh Corgi","ペンブローク・ウェルシュ・コーギー","Group 1: Sheepdogs and Cattledogs","Herding Group"
"Perdiguero de Burgos","Perdiguero de Burgos","Perdiguero de Burgos","ペルディゲロ・デ・ブルゴス","Group 7: Pointing Dogs",NA
"Perro de Presa Canario","Presa Canario","Kanári-szigeteki kutya","ペロ・デ・プレサ・カナリオ","Group 2: Pinscher and Schnauzer - Molossoid and Swiss Mountain and Cattledogs",NA
"Perucian Inca Orchid","Peruanische Inka-Orchidee","Perui meztelen kutya","ペルービアン・ヘアレス・ドッグ",NA,"Miscellaneous Class"
"Petit Basset Griffon Vendéen","Petit Basset Griffon Vendéen","Kis basset griffon vendée-i","プチ・バセット・グリフォン・ヴァンデーン","Group 6: Scent hounds and related breeds","Hound Group"
"Petit Bleu de Gascogne","Petit Bleu de Gascogne","Kis gasogne-i kék kopó","プチ・ブルー・ド・ガスコーニュ",NA,NA
"Petit Bragançon","Petit Bragançon","Brabanti kis griffon","プチ・ブラバンソン",NA,NA
"Petit Gascon-Saintongeois","Petit Gascon-Saintongeois","Kis gascon-saintongeois-i kopó","プティ・ガスコン＝サントンジョワ",NA,NA
"Petit Griffon Bleu de Gascogne","Petit Griffon Bleu de Gascogne","Gascogne-i kis kék griffon","プティ グリフォン ブルー ド ガスコーニュ","Group 6: Scent hounds and related breeds",NA
"Pharaoh Hound","Pharaonenhund","Fáraókutya","ファラオハウンド","Group 5: Spitz and primitive types","Hound Group"
"Plott","Plott Hound","Plott","プロット",NA,"Hound Group"
"Podenco Canario","Podenco Canario","Kanári-podenco","ポデンコ・カナリオ","Group 5: Spitz and primitive types",NA
"Pointer","Pointer","Pointer","ポインター","Group 7: Pointing Dogs","Sporting Group"
"Poitevin","Poitevin","Poitevin","ポワトヴァン",NA,NA
"Polish Hound","Polnischer Laufhund","Lengyel kopó","ポーランドハウンド","Group 6: Scent hounds and related breeds",NA
"Polish Lowland Sheepdog","Polnischer Niederungshütehund","Lengyel alföldi juhászkutya","ポリッシュ・ローランド・シープドッグ",NA,NA
"Pomeranian","Pomeranian","pomerániai","ポメラニアン","Group 5: Spitz and primitive types","Toy Group"
"Poodle (Medium)","Pudel (mittelgroß)","Uszkár (közepes)","プードル（中型）","Group 9: Companion and Toy Dogs",NA
"Poodle (Miniature)","Pudel (Zwerg)","Uszkár (miniatűr)","プードル（ミニチュア）","Group 9: Companion and Toy Dogs",NA
"Poodle (Standard)","Pudel (Standard)","Uszkár (standard)","プードル（スタンダード）","Group 9: Companion and Toy Dogs","Non-Sporting Group"
"Poodle (Toy)","Pudel (Toy)","Uszkár (játék)","プードル（トイ）","Group 9: Companion and Toy Dogs","Toy Group"
"Porcelaine","Porcelaine","Porcelánkopó","ポルスレーヌ","Group 6: Scent hounds and related breeds",NA
"Portuguese Podengo","Portugiesischer Podengo","Portugál podengo","ポデンゴ・ポルトゥゲス","Group 5: Spitz and primitive types","Miscellaneous Class"
"Portuguese Podengo Pequeno","Portugiesischer Podengo Pequeno","Portugál Podengo Pequeno","ポデンゴ・ポルトゥゲス・ペケーノ","Group 5: Spitz and primitive types","Hound Group"
"Portuguese Pointer","Portugiesischer Vorstehhund","Portugál vizsla","ポルトガル・ポインター",NA,"Foundation Stock Services"
"Portuguese Sheepdog","Portugiesischer Schäferhund","Portugál juhászkutya","ポルトガル・シープドッグ",NA,"Foundation Stock Services"
"Portuguese Water Dog","Portugiesischer Wasserhund","Portugál vízikutya","ポルトガル・ウォーター・ドッグ","Group 8: Retrievers - Flushing Dogs - Water Dogs","Working Group"
"Posavaz Hound","Posavaz-Hund (Posavski Gonič)","Posavazi kutya","ポサヴァズ・ハウンド","Group 6: Scent hounds and related breeds",NA
"Pudelpointer","Pudelpointer","Pudelpointer","プードルポインター","Group 7: Pointing Dogs","Foundation Stock Services"
"Pug","Mops","Mopsz","パグ","Group 9: Companion and Toy Dogs","Toy Group"
"Puli","Puli","Puli","プーリー","Group 1: Sheepdogs and Cattledogs","Herding Group"
"Pyrenean Mastiff","Pyrenäenmastiff","Pireneusi masztiff","ピレニアン・マスティフ","Group 2: Pinscher and Schnauzer - Molossoid and Swiss Mountain and Cattledogs",NA
"Pyrenean Shepherd","Pyrenäenschäferhund","Pireneusi juhászkutya","ピレネーシェパード",NA,"Herding Group"
"Rafeiro do Alentejo","Rafeiro do Alentejo","Alentejo masztiff","ラフェイロ・ド・アレンテージョ","Group 2: Pinscher and Schnauzer - Molossoid and Swiss Mountain and Cattledogs","Foundation Stock Services"
"Rastreador Brasileiro","Rastreador Brasileiro","Rastreador Brasileiro","ブラジリアン・トラッカー","Group 6: Scent hounds and related breeds",NA
"Rat Terrier","Rat Terrier","Patkányterrier","ラット・テリア",NA,NA
"Redbone Coonhound","Redbone Coonhound","Vörös mosómedvekopó","レッドボーン・クーンハウンド",NA,"Hound Group"
"Rhodesian Ridgeback","Rhodesian Ridgeback","Rodéziai Ridgeback","ローデシアン・リッジバック","Group 6: Scent hounds and related breeds","Hound Group"
"Rottweiler","Rottweiler","Rottweiler","ロットワイラー","Group 2: Pinscher and Schnauzer - Molossoid and Swiss Mountain and Cattledogs","Working Group"
"Russell Terrier","Russell Terrier","Russell terrier","ラッセルテリア","Group 3: Terriers","Terrier Group"
"Russian Toy","Russian Toy","Orosz toy terrier","ロシアン・トイ・テリア",NA,"Toy Group"
"Russian Tsvetnaya Bolonka","Russische Tsvetnaya Bolonka","Orosz Cvetnaja Bolonka","ボロンカ・ツヴェトナ",NA,NA
"Russo-European Laika","Russisch-Europäischer Laika","Orosz-európai lajka","ラッソ・ヨーロピアン・ライカ","Group 5: Spitz and primitive types",NA
"Saarlooswolfhond","Saarlooswolfhund","Saarloosi farkaskutya","ザールロスウルフホンド","Group 1: Sheepdogs and Cattledogs",NA
"Sabueso Español","Sabueso Español","Sabueso Español","サブエソ・エスパニョール",NA,NA
"Saluki","Saluki","Szaluki","サルーキ","Group 10: Sighthounds",NA
"Samoyed","Samojede","Szamojéd","サモエド","Group 5: Spitz and primitive types","Working Group"
"Sanshu","Sanshu","Sanshu","三河犬",NA,NA
"Sarplaninac","Sarplaninac","Sarplaninac","シャルプラニナッツ",NA,NA
"Schapendoes","Schapendoes","Schapendoes","シャペンドーズ",NA,"Foundation Stock Services"
"Schiller Hound","Schillerstövare","Schiller-kutya","シラーハウンド","Group 6: Scent hounds and related breeds",NA
"Schipperke","Schipperke","Schipperke","シッパーキ",NA,"Non-Sporting Group"
"Scottish Deerhound","Schottischer Hirschhund (Scottish Deerhound)","Skót szarvashús","スコティッシュ・ディアハウンド","Group 10: Sighthounds","Hound Group"
"Scottish Terrier","Scottish Terrier","Skót terrier","スコティッシュ・テリア","Group 3: Terriers","Terrier Group"
"Sealyham Terrier","Sealyham Terrier","Sealyham terrier","シーリハム・テリア","Group 3: Terriers","Terrier Group"
"Serbian Hound","Serbischer Laufhund","Szerb kopó","セルビアンハウンド","Group 6: Scent hounds and related breeds",NA
"Serbian Tricolor Hound","Serbischer dreifarbiger Laufhund","Szerb háromszínű kopó","セルビアン・トライカラー・ハウンド","Group 6: Scent hounds and related breeds",NA
"Shetland Sheepdog","Shetland Sheepdog","Shetlandi juhászkutya","シェットランド・シープドッグ","Group 1: Sheepdogs and Cattledogs","Herding Group"
"Shiba Inu","Shiba Inu","Shiba Inu","柴犬","Group 5: Spitz and primitive types","Non-Sporting Group"
"Shih Tzu","Shih Tzu","Shih Tzu","シーズー","Group 9: Companion and Toy Dogs","Toy Group"
"Shikoku","Shikoku","Shikoku","四国犬","Group 5: Spitz and primitive types","Foundation Stock Services"
"Shiloh Shepherd","Shiloh Shepherd","Shiloh pásztor","シロ・シェパード",NA,NA
"Siberian Husky","Sibirischer Husky","Szibériai husky","シベリアンハスキー","Group 5: Spitz and primitive types",NA
"Silky Terrier","Silky Terrier","Selymes terrier","シルキーテリア",NA,"Toy Group"
"Skye Terrier","Skye Terrier","Skye terrier","スカイ・テリア","Group 3: Terriers","Terrier Group"
"Sloughi","Sloughi","Sloughi","スルーギ","Group 10: Sighthounds","Hound Group"
"Slovakian Hound","Slowakischer Laufhund","szlovák kopó","スロバキアン・ハウンド","Group 6: Scent hounds and related breeds",NA
"Slovakian Wire-Haired Pointing Dog","Slowakischer Rauhaar-Vorstehhund","Szlovák drótszőrű vizsla","スロバキアン・ワイヤーヘアード・ポインティング・ドッグ","Group 7: Pointing Dogs","Foundation Stock Services"
"Slovensky Cuvac","Slowakischer Cuvac","Szlovák kuvasz","スロヴェンスキー・クヴァック",NA,NA
"Slovensky Kopov","Slovensky Kopov","Slovenský Kopov","スロベンスキー・コポフ",NA,NA
"Smaland Hound","Smålandhund","Smålandi kopó","スモーランドハウンド",NA,NA
"Small Munsterlander Pointer","Kleiner Münsterländer","Kis münsterlandi vizsla","スモール・ミュンスターレンダー・ポインター",NA,"Miscellaneous Class"
"Smooth Fox Terrier","Glatthaar-Foxterrier","Sima foxterrier","スムース・フォックス・テリア","Group 3: Terriers","Terrier Group"
"Soft-Coated Wheaten Terrier","Soft Coated Wheaten Terrier","Ír lágyszőrű búzaszínű terrier","ソフトコーテッド・ウィートン・テリア","Group 3: Terriers","Terrier Group"
"South Russian Ovcharka","Südrussischer Owtscharka","Dél-oroszországi ovcsarka","サウス・ロシアン・シェパード・ドッグ",NA,NA
"South Russian Steppe Hound","Südrussischer Steppenhund","Dél-orosz sztyeppei kutya","サウス・ロシアン・ステップハウンド",NA,NA
"Spanish Greyhound","Spanischer Windhund","Spanyol agár","スペイン・グレイハウンド","Group 10: Sighthounds",NA
"Spanish Mastiff","Spanischer Mastiff","Spanyol masztiff","スペイン・マスティフ","Group 2: Pinscher and Schnauzer - Molossoid and Swiss Mountain and Cattledogs","Foundation Stock Services"
"Spanish Water Dog","Spanischer Wasserhund","Spanyol vízikutya","スパニッシュ・ウォーター・ドッグ","Group 8: Retrievers - Flushing Dogs - Water Dogs","Herding Group"
"Spinone Italiano","Spinone Italiano","Olasz drótszőrű vizsla","スピノーネ・イタリアーノ","Group 7: Pointing Dogs","Sporting Group"
"Sporting Lucas Terrier","Sporting Lucas Terrier","Sporting Lucas terrier","スポーツルーカステリア",NA,NA
"St. Bernard","Bernhardiner","Szent Bernát","セントバーナード","Group 2: Pinscher and Schnauzer - Molossoid and Swiss Mountain and Cattledogs","Working Group"
"Stabyhoun","Stabyhoun","Stabyhoun","スタビーフーン","Group 7: Pointing Dogs","Foundation Stock Services"
"Staffordshire Bull Terrier","Staffordshire Bullterrier","Staffordshire Bull Terrier","スタッフォードシャー・ブル・テリア",NA,"Terrier Group"
"Standard Schnauzer","Standardschnauzer","Közép schnauzer","スタンダードシュナウザー","Group 2: Pinscher and Schnauzer - Molossoid and Swiss Mountain and Cattledogs","Working Group"
"Stephens' Cur","Stephens' Cur","Stephens'Cur","スティーブンス・カー",NA,NA
"Stryian Coarse-Haired Hound","Steirische Rauhhaarbracke","Stryian durva szőrű kopó","ストリアン・コースヘアード・ハウンド","Group 6: Scent hounds and related breeds",NA
"Sussex Spaniel","Sussex Spaniel","Sussexi spániel","サセックス・スパニエル","Group 8: Retrievers - Flushing Dogs - Water Dogs","Sporting Group"
"Swedish Elkhound","Schwedischer Elchhund","Svéd elkhound","スウェーデン・エルクハウンド","Group 5: Spitz and primitive types",NA
"Swedish Lapphund","Schwedischer Lapphund","Svéd lapphund","スウェーディッシュ・ラップフンド","Group 5: Spitz and primitive types","Foundation Stock Services"
"Swedish Vallhund","Schwedischer Vallhund","Svéd juhászkutya","スウェーディッシュ・ヴァルフント","Group 5: Spitz and primitive types","Herding Group"
"Swiss Hound, Bernese Hound","Schweizer Laufhund, Berner Laufhund","Svájci agár, Berni agár","スイスハウンド、バーニーズハウンド","Group 6: Scent hounds and related breeds",NA
"Swiss Hound, Jura Hound","Schweizer Laufhund, Jura Laufhund","Svájci kopó, Jura kopó","スイスハウンド、ジュラハウンド","Group 6: Scent hounds and related breeds",NA
"Swiss Hound, Lucerne Hound","Schweizer Laufhund, Luzerner Laufhund","Svájci kopó, Luzerni kopó","スイスハウンド、ルツェルンハウンド","Group 6: Scent hounds and related breeds",NA
"Swiss Hound, Schwyz Hound","Schweizer Laufhund, Schwyzer Laufhund","Svájci kopó, Schwyz kopó","スイスハウンド、シュヴィーツハウンド","Group 6: Scent hounds and related breeds",NA
"Swiss Hound, Small Bernese Hound","Schweizer Laufhund, Kleiner Berner Laufhund","Svájci agár, kis berni agár","スイスハウンド、スモールバーニーズハウンド","Group 6: Scent hounds and related breeds",NA
"Swiss Hound, Small Jura Hound","Schweizer Laufhund, Jura-Kleinlaufhund","Svájci kopó, Kis Jura kopó","スイスハウンド、スモールジュラハウンド","Group 6: Scent hounds and related breeds",NA
"Swiss Hound, Small Lucerne Hound","Schweizer Laufhund, Kleiner Luzerner Laufhund","Svájci kopó, Kis lucerni kopó","スイスハウンド、スモールルツェルンハウンド","Group 6: Scent hounds and related breeds",NA
"Swiss Hound, Small Schwyz Hound","Schweizer Laufhund, Schwyzer Kleinlaufhund","Svájci kopó, Kis schwyz kopó","スイスハウンド、スモールシュヴィーツハウンド","Group 6: Scent hounds and related breeds",NA
"Taiwan Dog","Taiwan-Hund","Tajvani kutya","台湾犬","Group 5: Spitz and primitive types","Foundation Stock Services"
"Teddy Roosevelt Terrier","Teddy Roosevelt Terrier","Teddy Roosevelt terrier","テディ・ルーズベルト・テリア",NA,"Miscellaneous Class"
"Telomian","Telomian","Telomian","テロミアン",NA,NA
"Tenterfield Terrier","Tenterfield Terrier","Tenterfield terrier","テンターフィールド・テリア",NA,NA
"Terrier Brasileiro","Brasileiro Terrier","Brazil terrier","テリア・ブラジレイロ",NA,NA
"Thai Ridgeback","Thai Ridgeback","Thai Ridgeback","タイ・リッジバック","Group 5: Spitz and primitive types","Foundation Stock Services"
"Tibetan Mastiff","Tibetdogge","Tibeti masztiff","チベタン・マスティフ","Group 2: Pinscher and Schnauzer - Molossoid and Swiss Mountain and Cattledogs","Working Group"
"Tibetan Spaniel","Tibetischer Spaniel","Tibeti spániel","チベタン・スパニエル","Group 9: Companion and Toy Dogs","Non-Sporting Group"
"Tibetan Terrier","Tibet Terrier","Tibeti terrier","チベタン・テリア","Group 9: Companion and Toy Dogs","Non-Sporting Group"
"Tornjak","Tornjak","Tornjak","トルニャク",NA,"Foundation Stock Services"
"Tosa","Tosa","Tosa","土佐犬","Group 2: Pinscher and Schnauzer - Molossoid and Swiss Mountain and Cattledogs","Foundation Stock Services"
"Toy Fox Terrier","Toy Fox Terrier","Törpe foxterrier","トイ・フォックス・テリア",NA,"Toy Group"
"Transylvanian Hound","Siebenbürgischer Laufhund","Erdélyi kopó","トランシルバニアハウンド","Group 6: Scent hounds and related breeds","Foundation Stock Services"
"Treeing Cur","Treeing Cur","Treeing Cur","ツリーイング・カー",NA,NA
"Treeing Feist","Treeing Feist","Treeing Feist","ツリーイング・フェイスト",NA,NA
"Treeing Tennessee Brindle","Treeing Tennessee Brindle","Treeing Tennessee Brindle","ツリーイング・テネシー・ブリンドル",NA,"Foundation Stock Services"
"Treeing Walker Coonhound","Treeing Walker Coonhound","Treeing Walker mosómedvekopó","ツリーイングウォーカー・クーンハウンド",NA,"Hound Group"
"Trigg Hound","Trigg Hound","Trigg kutya","トリッグハウンド",NA,NA
"Tyrolean Hound","Tiroler Bracke","Tiroli kopó","チロリアンハウンド","Group 6: Scent hounds and related breeds",NA
"Vizsla","Vizsla","Vizsla","ヴィズラ",NA,"Sporting Group"
"Volpino Italiano","Volpino Italiano","Olasz volpinó","ヴォルピーノ・イタリアーノ","Group 5: Spitz and primitive types","Foundation Stock Services"
"Weimaraner","Weimaraner","Weimari vizsla","ワイマラナー","Group 7: Pointing Dogs","Sporting Group"
"Welsh Springer Spaniel","Welsh Springer Spaniel","Walesi springer spániel","ウェルシュ・スプリンガー・スパニエル","Group 8: Retrievers - Flushing Dogs - Water Dogs","Sporting Group"
"Welsh Terrier","Welsh Terrier","Walesi terrier","ウェルシュ・テリア","Group 3: Terriers","Terrier Group"
"West Highland White Terrier","West Highland White Terrier","Nyugat-hegyvidéki fehér terrier","ウエストハイランドホワイトテリア","Group 3: Terriers","Terrier Group"
"West Siberian Laika","Westsibirische Laika","Nyugat-szibériai lajka","ウエストシベリアンライカ",NA,NA
"Westphalian Dachsbracke","Westfälische Dachsbracke","Vesztfáliai tacskókopó","ヴェストファーレン州ダックスブラッケ","Group 6: Scent hounds and related breeds",NA
"Whippet","Whippet","Kis angol agár","ウィペット","Group 10: Sighthounds","Hound Group"
"White Shepherd","Weißer Schäferhund","Fehér Juhász","ホワイトシェパード",NA,NA
"Wire Fox Terrier","Drahthaar-Foxterrier","Drótvázas foxterrier","ワイヤーフォックステリア","Group 3: Terriers","Terrier Group"
"Wirehaired Pointing Griffon","Drahthaariger Vorstehhund","Drótszőrű Griffon","ワイヤーヘアード・ポインティング・グリフォン","Group 7: Pointing Dogs","Sporting Group"
"Wirehaired Vizsla","Drahthaariger Vizsla","Drótszőrű vizsla","ワイヤーヘアード・ヴィズラ",NA,"Sporting Group"
"Working Kelpie","Arbeitender Kelpie","Dolgozó kelpie","ワーキングケルピー",NA,"Foundation Stock Services"
"Xoloitzcuintli (Miniature)","Xoloitzcuintli (Miniatur)","Xoloitzcuintli (miniatűr)","メキシカン・ヘアレス・ドッグ（ミニチュア）","Group 5: Spitz and primitive types",NA
"Xoloitzcuintli (Standard)","Xoloitzcuintli (Standard)","Xoloitzcuintli (Standard)","メキシカン・ヘアレス・ドッグ（スタンダード）","Group 5: Spitz and primitive types","Non-Sporting Group"
"Xoloitzcuintli (Toy)","Xoloitzcuintli (Spielzeug)","Xoloitzcuintli (játék)","メキシカン・ヘアレス・ドッグ（トイ）","Group 5: Spitz and primitive types",NA
"Yorkshire Terrier","Yorkshire Terrier","Yorkshire terrier","ヨークシャーテリア","Group 3: Terriers","Toy Group"
"Český Fousek","Český Fousek","Český Fousek","チェスキー・フォーセク",NA,NA
